unit_id,review_label,reviewer,review_date,evidence_note
lcdb1000034559,,,,
lcdb1000034787,,,,
lcdb1000034903,,,,
lcdb1000035306,,,,
lcdb1000035680-part-112,,,,
lcdb1000036143,,,,
lcdb1000036355,,,,
lcdb1000036606,,,,
lcdb1000057863,,,,
lcdb1000058226,,,,
lcdb1000058228,,,,
lcdb1000071482,,,,
lcdb1000073641,,,,
lcdb1000075256,,,,
lcdb1000226282,,,,
lcdb1000407188,,,,
lcdb1000409943,,,,
lcdb1000412263,,,,
lcdb1000412930,,,,
lcdb1000413849,,,,
lcdb1000414946,,,,
lcdb1000455067,,,,
lcdb1000611517,,,,
lcdb1000611779,,,,
lcdb1000700927,,,,
lcdb2000501973,,,,
lcdb2000508236,,,,
lcdb2000511111,,,,
lcdb2000512871,,,,
lcdb2000515021,,,,
